Rúben Dias,Manchester City,26,"1,87",Portugal,Defender - Centre-Back,right,26,-,-,1.996',€75.00m
Nathan Aké,Manchester City,28,"1,80",Netherlands,Defender - Centre-Back,left,26,1,-,1.876',€35.00m
John Stones,Manchester City,29,"1,88",England,Defender - Centre-Back,right,23,2,2,1.848',€30.00m
Aymeric Laporte,Manchester City,29,"1,89",Spain,Defender - Centre-Back,left,12,-,-,993',€30.00m
Manuel Akanji,Manchester City,27,"1,88",Switzerland,Defender - Centre-Back,right,29,-,1,2.283',€30.00m
Sergio Gómez,Manchester City,22,"1,71",Spain,Defender - Left-Back,left,12,-,1,340',€15.00m
Benjamin Mendy,Manchester City,28,"1,85",France,Defender - Left-Back,left,-,-,-,-,-
Kyle Walker,Manchester City,33,"1,83",England,Defender - Right-Back,right,27,-,-,1.956',€15.00m
Rico Lewis,Manchester City,18,"1,69",England,Defender - Right-Back,right,14,-,-,902',€15.00m
Rodri,Manchester City,26,"1,91",Spain,midfield - Defensive Midfield,right,36,2,6,2.920',€80.00m
Kalvin Phillips,Manchester City,27,"1,79",England,midfield - Defensive Midfield,right,12,-,-,290',€35.00m
Máximo Perrone,Manchester City,20,"1,77",Argentina,midfield - Defensive Midfield,left,1,-,-,18',€10.00m
Ilkay Gündogan,Manchester City,32,"1,80",Germany,midfield - Central Midfield,right,31,8,5,2.359',€25.00m
Kevin De Bruyne,Manchester City,31,"1,81",Belgium,midfield - Attacking Midfield,right,32,7,18,2.425',€80.00m
Bernardo Silva,Manchester City,28,"1,73",Portugal,midfield - Attacking Midfield,left,34,4,6,2.202',€80.00m
Cole Palmer,Manchester City,21,"1,89",England,midfield - Attacking Midfield,left,14,-,1,358',€15.00m
Phil Foden,Manchester City,23,"1,71",England,Attack - Left Winger,left,32,11,5,1.842',€110.00m
Jack Grealish,Manchester City,27,"1,80",England,Attack - Left Winger,right,28,5,7,2.062',€70.00m
Riyad Mahrez,Manchester City,32,"1,79",Algeria,Attack - Right Winger,left,30,5,10,1.924',€30.00m
Erling Haaland,Manchester City,22,"1,95",Norway,Attack - Centre-Forward,left,35,36,8,2.777',€170.00m
Julián Álvarez,Manchester City,23,"1,70",Argentina,Attack - Centre-Forward,right,31,9,1,1.452',€50.00m
Wesley Fofana,Chelsea FC,22,"1,86",France,Defender - Centre-Back,right,15,1,-,1.185',€65.00m
Benoît Badiashile,Chelsea FC,22,"1,94",France,Defender - Centre-Back,left,11,1,-,904',€40.00m
Kalidou Koulibaly,Chelsea FC,31,"1,86",Senegal,Defender - Centre-Back,right,23,2,1,1.799',€25.00m
Trevoh Chalobah,Chelsea FC,23,"1,92",England,Defender - Centre-Back,right,25,-,-,1.603',€22.00m
Thiago Silva,Chelsea FC,38,"1,81",Brazil,Defender - Centre-Back,right,27,-,2,2.352',€2.50m
Marc Cucurella,Chelsea FC,24,"1,73",Spain,Defender - Left-Back,left,24,-,2,1.678',€40.00m
Ben Chilwell,Chelsea FC,26,"1,80",England,Defender - Left-Back,left,23,2,3,1.407',€35.00m
Lewis Hall,Chelsea FC,18,"1,79",England,Defender - Left-Back,left,9,-,-,658',€8.00m
Abdul-Rahman Baba,Chelsea FC,28,"1,79",Ghana,Defender - Left-Back,left,-,-,-,-,€1.20m
Reece James,Chelsea FC,23,"1,80",England,Defender - Right-Back,right,16,1,1,1.244',€70.00m
César Azpilicueta,Chelsea FC,33,"1,78",Spain,Defender - Right-Back,right,25,-,-,1.520',€8.00m
Enzo Fernández,Chelsea FC,22,"1,78",Argentina,midfield - Defensive Midfield,right,18,-,2,1.551',€85.00m
N'Golo Kanté,Chelsea FC,32,"1,71",France,midfield - Defensive Midfield,right,7,-,1,520',€20.00m
Denis Zakaria,Chelsea FC,26,"1,90",Switzerland,midfield - Defensive Midfield,right,7,-,-,413',€20.00m
Mateo Kovacic,Chelsea FC,29,"1,77",Croatia,midfield - Central Midfield,right,27,1,2,1.704',€40.00m
Conor Gallagher,Chelsea FC,23,"1,82",England,midfield - Central Midfield,right,35,3,1,1.614',€32.00m
Ruben Loftus-Cheek,Chelsea FC,27,"1,91",England,midfield - Central Midfield,right,25,-,1,1.542',€25.00m
Carney Chukwuemeka,Chelsea FC,19,"1,87",England,midfield - Central Midfield,right,14,-,-,345',€15.00m
Mason Mount,Chelsea FC,24,"1,81",England,midfield - Attacking Midfield,right,24,3,2,1.655',€65.00m
Kai Havertz,Chelsea FC,23,"1,93",Germany,midfield - Attacking Midfield,left,35,7,1,2.578',€60.00m
Mykhaylo Mudryk,Chelsea FC,22,"1,75",Ukraine,Attack - Left Winger,right,15,-,2,654',€60.00m
Raheem Sterling,Chelsea FC,28,"1,70",England,Attack - Left Winger,right,28,6,3,1.901',€60.00m
Christian Pulisic,Chelsea FC,24,"1,77",United States,Attack - Right Winger,right,24,1,1,812',€32.00m
Noni Madueke,Chelsea FC,21,"1,82",England,Attack - Right Winger,left,12,1,-,645',€28.00m
Hakim Ziyech,Chelsea FC,30,"1,81",Morocco,Attack - Right Winger,left,18,-,3,653',€18.00m
João Félix,Chelsea FC,23,"1,81",Portugal,Attack - Second Striker,right,16,4,-,942',€50.00m
Armando Broja,Chelsea FC,21,"1,91",Albania,Attack - Centre-Forward,right,12,1,1,286',€30.00m
David Datro Fofana,Chelsea FC,20,"1,81",Cote d'Ivoire,Attack - Centre-Forward,right,3,-,-,68',€10.00m
Pierre-Emerick Aubameyang,Chelsea FC,33,"1,86",Gabon,Attack - Centre-Forward,right,15,1,-,550',€7.00m
William Saliba,Arsenal FC,22,"1,92",France,Defender - Centre-Back,right,27,2,1,2.416',€55.00m
Gabriel Magalhães,Arsenal FC,25,"1,90",Brazil,Defender - Centre-Back,left,38,3,-,3.411',€50.00m
Jakub Kiwior,Arsenal FC,23,"1,89",Poland,Defender - Centre-Back,left,7,1,-,427',€20.00m
Auston Trusty,Arsenal FC,24,"1,90",United States,Defender - Centre-Back,left,-,-,-,-,€10.00m
Rob Holding,Arsenal FC,27,"1,89",England,Defender - Centre-Back,right,14,1,-,558',€10.00m
Oleksandr Zinchenko,Arsenal FC,26,"1,75",Ukraine,Defender - Left-Back,left,27,1,2,2.136',€40.00m
Kieran Tierney,Arsenal FC,25,"1,80",Scotland,Defender - Left-Back,left,27,-,1,776',€25.00m
Ben White,Arsenal FC,25,"1,86",England,Defender - Right-Back,right,38,2,5,3.066',€50.00m
Takehiro Tomiyasu,Arsenal FC,24,"1,88",Japan,Defender - Right-Back,right,21,-,1,651',€25.00m
Thomas Partey,Arsenal FC,29,"1,85",Ghana,midfield - Defensive Midfield,right,33,3,-,2.485',€38.00m
Jorginho,Arsenal FC,31,"1,78",Italy,midfield - Defensive Midfield,right,14,-,1,852',€35.00m
Mohamed Elneny,Arsenal FC,30,"1,79",Egypt,midfield - Defensive Midfield,right,5,-,-,109',€9.00m
Granit Xhaka,Arsenal FC,30,"1,86",Switzerland,midfield - Central Midfield,left,37,7,7,3.004',€28.00m
Albert Sambi Lokonga,Arsenal FC,23,"1,83",Belgium,midfield - Central Midfield,right,9,-,-,536',€15.00m
Ainsley Maitland-Niles,Arsenal FC,25,"1,80",England,midfield - Right Midfield,right,22,-,1,1.403',€8.00m
Martin Ødegaard,Arsenal FC,24,"1,78",Norway,midfield - Attacking Midfield,left,37,15,8,3.150',€80.00m
Emile Smith Rowe,Arsenal FC,22,"1,82",England,midfield - Attacking Midfield,right,12,-,2,161',€38.00m
Fábio Vieira,Arsenal FC,23,"1,70",Portugal,midfield - Attacking Midfield,left,22,1,2,499',€27.00m
Gabriel Martinelli,Arsenal FC,21,"1,78",Brazil,Attack - Left Winger,right,36,15,5,2.805',€70.00m
Leandro Trossard,Arsenal FC,28,"1,72",Belgium,Attack - Left Winger,right,20,1,10,930',€30.00m
Bukayo Saka,Arsenal FC,21,"1,78",England,Attack - Right Winger,left,38,14,11,3.194',€110.00m
Marquinhos,Arsenal FC,20,"1,75",Brazil,Attack - Right Winger,left,1,-,-,-,€12.00m
Reiss Nelson,Arsenal FC,23,"1,75",England,Attack - Right Winger,right,11,3,2,201',€7.00m
Gabriel Jesus,Arsenal FC,26,"1,75",Brazil,Attack - Centre-Forward,right,26,11,7,2.075',€75.00m
Eddie Nketiah,Arsenal FC,24,"1,75",England,Attack - Centre-Forward,right,30,4,2,1.069',€25.00m
Virgil van Dijk,Liverpool FC,31,"1,93",Netherlands,Defender - Centre-Back,right,32,3,1,2.835',€45.00m
Ibrahima Konaté,Liverpool FC,24,"1,94",France,Defender - Centre-Back,right,18,-,-,1.551',€35.00m
Joe Gomez,Liverpool FC,26,"1,88",England,Defender - Centre-Back,right,21,-,-,1.460',€30.00m
Joel Matip,Liverpool FC,31,"1,95",Cameroon,Defender - Centre-Back,right,14,1,-,1.092',€16.00m
Nathaniel Phillips,Liverpool FC,26,"1,90",England,Defender - Centre-Back,right,2,-,-,66',€6.00m
Rhys Williams,Liverpool FC,22,"1,95",England,Defender - Centre-Back,right,-,-,-,-,€3.00m
Andrew Robertson,Liverpool FC,29,"1,78",Scotland,Defender - Left-Back,left,34,-,8,2.589',€48.00m
Konstantinos Tsimikas,Liverpool FC,27,"1,79",Greece,Defender - Left-Back,left,20,-,4,766',€18.00m
Trent Alexander-Arnold,Liverpool FC,24,"1,80",England,Defender - Right-Back,right,37,2,9,2.930',€65.00m
Calvin Ramsay,Liverpool FC,19,"1,77",Scotland,Defender - Right-Back,right,-,-,-,-,€5.00m
Fabinho,Liverpool FC,29,"1,88",Brazil,midfield - Defensive Midfield,right,36,-,2,2.677',€45.00m
Stefan Bajcetic,Liverpool FC,18,"1,85",Spain,midfield - Defensive Midfield,right,11,1,-,529',€13.00m
Thiago,Liverpool FC,32,"1,74",Spain,midfield - Central Midfield,right,18,-,-,1.256',€18.00m
Naby Keïta,Liverpool FC,28,"1,72",Guinea,midfield - Central Midfield,right,8,-,-,290',€17.00m
Curtis Jones,Liverpool FC,22,"1,85",England,midfield - Central Midfield,right,18,3,1,1.039',€17.00m
Arthur Melo,Liverpool FC,26,"1,72",Brazil,midfield - Central Midfield,right,-,-,-,-,€15.00m
Jordan Henderson,Liverpool FC,32,"1,87",England,midfield - Central Midfield,right,35,-,2,2.072',€10.00m
Alex Oxlade-Chamberlain,Liverpool FC,29,"1,75",England,midfield - Central Midfield,right,9,1,-,334',€10.00m
James Milner,Liverpool FC,37,"1,75",England,midfield - Central Midfield,right,31,-,1,893',€2.00m
Harvey Elliott,Liverpool FC,20,"1,70",England,midfield - Attacking Midfield,left,32,1,2,1.609',€35.00m
Fábio Carvalho,Liverpool FC,20,"1,70",Portugal,midfield - Attacking Midfield,right,13,2,-,340',€20.00m
Luis Díaz,Liverpool FC,26,"1,80",Colombia,Attack - Left Winger,right,17,4,2,996',€75.00m
Cody Gakpo,Liverpool FC,24,"1,93",Netherlands,Attack - Left Winger,right,21,7,3,1.465',€60.00m
Diogo Jota,Liverpool FC,26,"1,78",Portugal,Attack - Left Winger,right,22,7,4,1.132',€55.00m
Mohamed Salah,Liverpool FC,30,"1,75",Egypt,Attack - Right Winger,left,38,19,12,3.297',€70.00m
Darwin Núñez,Liverpool FC,23,"1,87",Uruguay,Attack - Centre-Forward,right,29,9,3,1.698',€70.00m
Roberto Firmino,Liverpool FC,31,"1,81",Brazil,Attack - Centre-Forward,right,25,11,4,1.211',€22.00m
Lisandro Martínez,Manchester United,25,"1,75",Argentina,Defender - Centre-Back,left,27,1,-,2.116',€50.00m
Raphaël Varane,Manchester United,30,"1,91",France,Defender - Centre-Back,right,24,-,-,1.915',€40.00m
Harry Maguire,Manchester United,30,"1,94",England,Defender - Centre-Back,right,16,-,-,759',€25.00m
Victor Lindelöf,Manchester United,28,"1,87",Sweden,Defender - Centre-Back,right,20,-,-,1.360',€15.00m
Axel Tuanzebe,Manchester United,25,"1,85",England,Defender - Centre-Back,right,-,-,-,-,€4.50m
Phil Jones,Manchester United,31,"1,85",England,Defender - Centre-Back,right,-,-,-,-,€2.00m
Teden Mengi,Manchester United,21,"1,86",England,Defender - Centre-Back,right,-,-,-,-,€2.00m
Luke Shaw,Manchester United,27,"1,78",England,Defender - Left-Back,left,31,1,2,2.555',€35.00m
Tyrell Malacia,Manchester United,23,"1,69",Netherlands,Defender - Left-Back,left,22,-,-,1.390',€22.00m
Brandon Williams,Manchester United,22,"1,80",England,Defender - Left-Back,right,-,-,-,-,€10.00m
Álvaro Fernandez,Manchester United,20,"1,86",Spain,Defender - Left-Back,left,-,-,-,-,€7.00m
Diogo Dalot,Manchester United,24,"1,83",Portugal,Defender - Right-Back,right,26,1,2,2.155',€35.00m
Aaron Wan-Bissaka,Manchester United,25,"1,83",England,Defender - Right-Back,right,19,-,-,1.436',€22.00m
Casemiro,Manchester United,31,"1,85",Brazil,midfield - Defensive Midfield,right,28,4,3,2.127',€50.00m
Scott McTominay,Manchester United,26,"1,91",Scotland,midfield - Defensive Midfield,right,24,1,-,1.149',€25.00m
Christian Eriksen,Manchester United,31,"1,82",Denmark,midfield - Central Midfield,right,28,1,8,2.063',€25.00m
Marcel Sabitzer,Manchester United,29,"1,77",Austria,midfield - Central Midfield,right,11,-,1,627',€20.00m
Fred,Manchester United,30,"1,69",Brazil,midfield - Central Midfield,left,35,2,2,1.231',€20.00m
Donny van de Beek,Manchester United,26,"1,84",Netherlands,midfield - Central Midfield,right,7,-,-,163',€17.00m
Zidane Iqbal,Manchester United,20,"1,81",Iraq,midfield - Central Midfield,right,-,-,-,-,€800k
Kobbie Mainoo,Manchester United,18,"1,75",England,midfield - Central Midfield,right,1,-,-,10',€800k
Bruno Fernandes,Manchester United,28,"1,79",Portugal,midfield - Attacking Midfield,right,37,8,8,3.320',€75.00m
Hannibal,Manchester United,20,"1,77",Tunisia,midfield - Attacking Midfield,right,-,-,-,-,€8.00m
Marcus Rashford,Manchester United,25,"1,85",England,Attack - Left Winger,right,35,17,5,2.890',€80.00m
Jadon Sancho,Manchester United,23,"1,80",England,Attack - Left Winger,right,26,6,3,1.699',€55.00m
Anthony Elanga,Manchester United,21,"1,78",Sweden,Attack - Left Winger,right,16,-,1,418',€25.00m
Alejandro Garnacho,Manchester United,18,"1,80",Argentina,Attack - Left Winger,right,19,3,2,559',€25.00m
Antony,Manchester United,23,"1,72",Brazil,Attack - Right Winger,left,25,4,2,1.817',€70.00m
Amad Diallo,Manchester United,20,"1,73",Cote d'Ivoire,Attack - Right Winger,left,-,-,-,-,€18.00m
Shola Shoretire,Manchester United,19,"1,71",England,Attack - Right Winger,right,-,-,-,-,€4.00m
Facundo Pellistri,Manchester United,21,"1,74",Uruguay,Attack - Right Winger,right,4,-,-,60',€3.00m
Mason Greenwood,Manchester United,21,"1,81",England,Attack - Right Winger,both,-,-,-,-,-
Anthony Martial,Manchester United,27,"1,81",France,Attack - Centre-Forward,right,21,6,2,979',€15.00m
Wout Weghorst,Manchester United,30,"1,97",Netherlands,Attack - Centre-Forward,right,17,-,1,797',€14.00m
Cristian Romero,Tottenham Hotspur,25,"1,85",Argentina,Defender - Centre-Back,right,27,-,1,2.365',€60.00m
Eric Dier,Tottenham Hotspur,29,"1,88",England,Defender - Centre-Back,right,33,2,1,2.816',€25.00m
Davinson Sánchez,Tottenham Hotspur,26,"1,87",Colombia,Defender - Centre-Back,right,18,-,-,852',€20.00m
Clément Lenglet,Tottenham Hotspur,27,"1,86",France,Defender - Centre-Back,left,26,-,2,2.027',€12.00m
Japhet Tanganga,Tottenham Hotspur,24,"1,84",England,Defender - Centre-Back,right,4,-,-,146',€9.00m
Ben Davies,Tottenham Hotspur,30,"1,81",Wales,Defender - Left-Back,left,31,2,2,2.289',€20.00m
Pedro Porro,Tottenham Hotspur,23,"1,73",Spain,Defender - Right-Back,right,15,3,3,1.136',€35.00m
Emerson Royal,Tottenham Hotspur,24,"1,83",Brazil,Defender - Right-Back,right,26,2,1,1.736',€25.00m
Oliver Skipp,Tottenham Hotspur,22,"1,75",England,midfield - Defensive Midfield,right,23,1,-,1.494',€15.00m
Pierre-Emile Höjbjerg,Tottenham Hotspur,27,"1,85",Denmark,midfield - Central Midfield,right,35,4,5,3.133',€45.00m
Rodrigo Bentancur,Tottenham Hotspur,25,"1,87",Uruguay,midfield - Central Midfield,right,18,5,2,1.506',€40.00m
Yves Bissouma,Tottenham Hotspur,26,"1,82",Mali,midfield - Central Midfield,right,23,-,-,1.003',€25.00m
Pape Matar Sarr,Tottenham Hotspur,20,"1,84",Senegal,midfield - Central Midfield,right,11,-,1,212',€15.00m
Ryan Sessegnon,Tottenham Hotspur,23,"1,78",England,midfield - Left Midfield,left,17,2,-,811',€22.00m
Ivan Perisic,Tottenham Hotspur,34,"1,86",Croatia,midfield - Left Midfield,both,34,1,8,2.110',€10.00m
Heung-min Son,Tottenham Hotspur,30,"1,84","Korea, South",Attack - Left Winger,both,36,10,6,2.899',€60.00m
Arnaut Danjuma,Tottenham Hotspur,26,"1,78",Netherlands,Attack - Left Winger,right,9,1,-,162',€27.00m
Dejan Kulusevski,Tottenham Hotspur,23,"1,86",Sweden,Attack - Right Winger,left,30,2,7,2.079',€55.00m
Lucas Moura,Tottenham Hotspur,30,"1,72",Brazil,Attack - Right Winger,right,15,1,-,140',€9.00m
Harry Kane,Tottenham Hotspur,29,"1,88",England,Attack - Centre-Forward,right,38,30,3,3.408',€90.00m
Richarlison,Tottenham Hotspur,26,"1,84",Brazil,Attack - Centre-Forward,right,27,1,4,1.006',€55.00m
Sven Botman,Newcastle United,23,"1,95",Netherlands,Defender - Centre-Back,left,36,-,-,3.128',€45.00m
Fabian Schär,Newcastle United,31,"1,86",Switzerland,Defender - Centre-Back,right,36,1,3,3.210',€10.00m
Jamaal Lascelles,Newcastle United,29,"1,88",England,Defender - Centre-Back,right,7,-,-,213',€7.00m
Ciaran Clark,Newcastle United,33,"1,85",Ireland,Defender - Centre-Back,left,-,-,-,-,€600k
Kell Watts,Newcastle United,23,"1,92",England,Defender - Centre-Back,left,-,-,-,-,€200k
Matt Targett,Newcastle United,27,"1,83",England,Defender - Left-Back,left,17,-,-,602',€15.00m
Dan Burn,Newcastle United,31,"2,01",England,Defender - Left-Back,left,38,1,-,3.116',€12.00m
Jamal Lewis,Newcastle United,25,"1,78",Northern Ireland,Defender - Left-Back,left,2,-,-,9',€8.00m
Paul Dummett,Newcastle United,31,"1,83",Wales,Defender - Left-Back,left,-,-,-,-,€1.20m
Kieran Trippier,Newcastle United,32,"1,73",England,Defender - Right-Back,right,38,1,7,3.348',€13.00m
Emil Krafth,Newcastle United,28,"1,84",Sweden,Defender - Right-Back,right,1,-,-,-,€4.00m
Javier Manquillo,Newcastle United,29,"1,78",Spain,Defender - Right-Back,right,4,-,-,33',€3.00m
Harrison Ashby,Newcastle United,21,"1,79",Scotland,Defender - Right-Back,right,-,-,-,-,€1.00m
Bruno Guimarães,Newcastle United,25,"1,82",Brazil,midfield - Defensive Midfield,right,32,4,5,2.734',€60.00m
Isaac Hayden,Newcastle United,28,"1,87",England,midfield - Defensive Midfield,right,-,-,-,-,€3.50m
Joe Willock,Newcastle United,23,"1,86",England,midfield - Central Midfield,right,35,3,6,2.577',€30.00m
Sean Longstaff,Newcastle United,25,"1,87",England,midfield - Central Midfield,right,33,1,4,2.516',€22.00m
Jeff Hendrick,Newcastle United,31,"1,85",Ireland,midfield - Central Midfield,right,-,-,-,-,€1.50m
Matty Longstaff,Newcastle United,23,"1,71",England,midfield - Central Midfield,right,-,-,-,-,€1.50m
Matt Ritchie,Newcastle United,33,"1,73",Scotland,midfield - Right Midfield,left,7,-,-,32',€1.80m
Joelinton,Newcastle United,26,"1,86",Brazil,midfield - Attacking Midfield,right,32,6,2,2.663',€38.00m
Elliot Anderson,Newcastle United,20,"1,79",Scotland,midfield - Attacking Midfield,right,22,-,1,395',€3.50m
Anthony Gordon,Newcastle United,22,"1,82",England,Attack - Left Winger,right,16,1,-,479',€40.00m
Allan Saint-Maximin,Newcastle United,26,"1,73",France,Attack - Left Winger,right,25,1,5,1.115',€35.00m
Ryan Fraser,Newcastle United,29,"1,63",Scotland,Attack - Left Winger,right,8,-,-,311',€8.00m
Miguel Almirón,Newcastle United,29,"1,74",Paraguay,Attack - Right Winger,left,34,11,2,2.508',€35.00m
Jacob Murphy,Newcastle United,28,"1,73",England,Attack - Right Winger,right,36,4,2,1.242',€10.00m
Garang Kuol,Newcastle United,18,"1,75",Australia,Attack - Right Winger,right,-,-,-,-,€800k
Alexander Isak,Newcastle United,23,"1,92",Sweden,Attack - Centre-Forward,right,22,10,1,1.526',€50.00m
Callum Wilson,Newcastle United,31,"1,80",England,Attack - Centre-Forward,right,31,18,5,1.885',€18.00m
Diego Carlos,Aston Villa,30,"1,85",Brazil,Defender - Centre-Back,right,3,-,-,205',€30.00m
Tyrone Mings,Aston Villa,30,"1,96",England,Defender - Centre-Back,left,35,1,2,3.150',€25.00m
Ezri Konsa,Aston Villa,25,"1,83",England,Defender - Centre-Back,right,38,-,-,3.322',€22.00m
Calum Chambers,Aston Villa,28,"1,82",England,Defender - Centre-Back,right,14,-,-,341',€8.00m
Kortney Hause,Aston Villa,27,"1,91",England,Defender - Centre-Back,left,-,-,-,-,€2.20m
Álex Moreno,Aston Villa,29,"1,79",Spain,Defender - Left-Back,left,19,-,3,1.334',€20.00m
Lucas Digne,Aston Villa,29,"1,78",France,Defender - Left-Back,left,28,1,-,1.500',€17.00m
Matty Cash,Aston Villa,25,"1,85",Poland,Defender - Right-Back,right,26,-,1,1.819',€22.00m
Ashley Young,Aston Villa,37,"1,75",England,Defender - Right-Back,both,29,1,-,2.037',€1.00m
Boubacar Kamara,Aston Villa,23,"1,84",France,midfield - Defensive Midfield,right,24,-,1,1.781',€25.00m
Leander Dendoncker,Aston Villa,28,"1,88",Belgium,midfield - Defensive Midfield,right,20,-,-,689',€17.00m
Marvelous Nakamba,Aston Villa,29,"1,77",Zimbabwe,midfield - Defensive Midfield,left,-,-,-,-,€4.00m
Douglas Luiz,Aston Villa,25,"1,77",Brazil,midfield - Central Midfield,right,37,6,6,2.932',€35.00m
Jacob Ramsey,Aston Villa,22,"1,80",England,midfield - Central Midfield,right,35,6,7,2.646',€32.00m
John McGinn,Aston Villa,28,"1,78",Scotland,midfield - Central Midfield,left,34,1,3,2.698',€27.00m
Tim Iroegbunam,Aston Villa,19,"1,83",England,midfield - Central Midfield,right,-,-,-,-,€5.00m
Leon Bailey,Aston Villa,25,"1,78",Jamaica,Attack - Left Winger,left,33,4,4,1.983',€25.00m
Philippe Coutinho,Aston Villa,30,"1,72",Brazil,Attack - Left Winger,right,20,1,-,779',€14.00m
Jaden Philogene,Aston Villa,21,"1,81",England,Attack - Left Winger,right,-,-,-,-,€2.80m
Emiliano Buendía,Aston Villa,26,"1,72",Argentina,Attack - Right Winger,right,38,5,2,2.420',€28.00m
Bertrand Traoré,Aston Villa,27,"1,81",Burkina Faso,Attack - Right Winger,left,8,2,-,226',€14.00m
Ollie Watkins,Aston Villa,27,"1,80",England,Attack - Centre-Forward,right,37,15,6,3.136',€32.00m
Cameron Archer,Aston Villa,21,"1,75",England,Attack - Centre-Forward,right,6,-,-,43',€12.00m
Jhon Durán,Aston Villa,19,"1,85",Colombia,Attack - Centre-Forward,left,12,-,-,124',€12.00m
Keinan Davis,Aston Villa,25,"1,89",England,Attack - Centre-Forward,left,-,-,-,-,€3.00m
Nayef Aguerd,West Ham United,27,"1,90",Morocco,Defender - Centre-Back,left,18,2,-,1.595',€32.00m
Kurt Zouma,West Ham United,28,"1,90",France,Defender - Centre-Back,right,25,2,-,1.990',€28.00m
Thilo Kehrer,West Ham United,26,"1,86",Germany,Defender - Centre-Back,right,27,-,2,2.229',€18.00m
Angelo Ogbonna,West Ham United,35,"1,91",Italy,Defender - Centre-Back,left,16,-,-,1.236',€1.00m
Emerson,West Ham United,28,"1,76",Italy,Defender - Left-Back,left,22,1,-,1.320',€12.00m
Aaron Cresswell,West Ham United,33,"1,70",England,Defender - Left-Back,left,28,-,1,2.235',€2.50m
Ben Johnson,West Ham United,23,"1,84",England,Defender - Right-Back,right,17,-,-,858',€12.00m
Vladimir Coufal,West Ham United,30,"1,79",Czech Republic,Defender - Right-Back,right,27,-,1,2.139',€9.00m
Declan Rice,West Ham United,24,"1,88",England,midfield - Defensive Midfield,right,37,4,2,3.272',€80.00m
Tomas Soucek,West Ham United,28,"1,92",Czech Republic,midfield - Defensive Midfield,right,36,2,3,2.819',€35.00m
Conor Coventry,West Ham United,23,"1,77",Ireland,midfield - Defensive Midfield,right,1,-,-,-,€1.80m
Flynn Downes,West Ham United,24,"1,78",England,midfield - Central Midfield,right,21,-,-,753',€8.00m
Lucas Paquetá,West Ham United,25,"1,80",Brazil,midfield - Attacking Midfield,left,28,4,3,2.172',€45.00m
Pablo Fornals,West Ham United,27,"1,78",Spain,midfield - Attacking Midfield,right,32,3,1,1.500',€25.00m
Manuel Lanzini,West Ham United,30,"1,67",Argentina,midfield - Attacking Midfield,right,10,1,-,244',€8.00m
Saïd Benrahma,West Ham United,27,"1,72",Algeria,Attack - Left Winger,right,35,6,3,2.069',€22.00m
Maxwel Cornet,West Ham United,26,"1,79",Cote d'Ivoire,Attack - Left Winger,left,14,-,-,233',€15.00m
Jarrod Bowen,West Ham United,26,"1,82",England,Attack - Right Winger,left,38,6,6,3.237',€38.00m
Gianluca Scamacca,West Ham United,24,"1,95",Italy,Attack - Centre-Forward,right,16,3,-,928',€27.00m
Danny Ings,West Ham United,30,"1,77",England,Attack - Centre-Forward,right,17,2,2,771',€16.00m
Michail Antonio,West Ham United,33,"1,80",Jamaica,Attack - Centre-Forward,right,33,5,3,1.837',€9.00m
Wout Faes,Leicester City,25,"1,87",Belgium,Defender - Centre-Back,right,31,1,2,2.787',€20.00m
Caglar Söyüncü,Leicester City,27,"1,85",Turkey,Defender - Centre-Back,right,7,1,-,529',€15.00m
Harry Souttar,Leicester City,24,"1,98",Australia,Defender - Centre-Back,right,12,-,1,991',€15.00m
Daniel Amartey,Leicester City,28,"1,86",Ghana,Defender - Centre-Back,right,20,-,-,1.610',€15.00m
Jannik Vestergaard,Leicester City,30,"1,99",Denmark,Defender - Centre-Back,both,-,-,-,-,€5.00m
Jonny Evans,Leicester City,35,"1,88",Northern Ireland,Defender - Centre-Back,both,13,-,-,1.052',€3.00m
Victor Kristiansen,Leicester City,20,"1,81",Denmark,Defender - Left-Back,left,12,-,1,894',€12.00m
Luke Thomas,Leicester City,21,"1,81",England,Defender - Left-Back,left,17,-,-,1.070',€10.00m
Ryan Bertrand,Leicester City,33,"1,79",England,Defender - Left-Back,left,-,-,-,-,€1.00m
Timothy Castagne,Leicester City,27,"1,85",Belgium,Defender - Right-Back,right,37,2,3,3.256',€28.00m
James Justin,Leicester City,25,"1,83",England,Defender - Right-Back,right,14,-,1,1.254',€25.00m
Ricardo Pereira,Leicester City,29,"1,75",Portugal,Defender - Right-Back,right,10,1,1,451',€12.00m
Wilfred Ndidi,Leicester City,26,"1,83",Nigeria,midfield - Defensive Midfield,right,27,-,-,1.682',€32.00m
Boubakary Soumaré,Leicester City,24,"1,88",France,midfield - Defensive Midfield,right,26,-,-,1.633',€20.00m
Hamza Choudhury,Leicester City,25,"1,78",England,midfield - Defensive Midfield,right,-,-,-,-,€5.00m
Nampalys Mendy,Leicester City,30,"1,67",Senegal,midfield - Defensive Midfield,right,19,1,-,749',€3.50m
Youri Tielemans,Leicester City,26,"1,76",Belgium,midfield - Central Midfield,right,31,3,2,2.351',€30.00m
Kiernan Dewsbury-Hall,Leicester City,24,"1,78",England,midfield - Central Midfield,left,31,2,2,2.315',€25.00m
Dennis Praet,Leicester City,29,"1,81",Belgium,midfield - Central Midfield,right,22,1,-,639',€8.00m
Marc Albrighton,Leicester City,33,"1,75",England,midfield - Right Midfield,right,6,1,-,233',€1.00m
James Maddison,Leicester City,26,"1,75",England,midfield - Attacking Midfield,right,30,10,9,2.485',€55.00m
Harvey Barnes,Leicester City,25,"1,82",England,Attack - Left Winger,right,34,13,1,2.718',€32.00m
Tetê,Leicester City,23,"1,75",Brazil,Attack - Right Winger,left,13,1,-,737',€25.00m
Patson Daka,Leicester City,24,"1,83",Zambia,Attack - Centre-Forward,right,30,4,4,1.179',€20.00m
Kelechi Iheanacho,Leicester City,26,"1,85",Nigeria,Attack - Centre-Forward,left,28,5,5,1.119',€17.00m
Jamie Vardy,Leicester City,36,"1,79",England,Attack - Centre-Forward,right,37,3,4,1.851',€4.00m
George Hirst,Leicester City,24,"1,91",England,Attack - Centre-Forward,right,-,-,-,-,€800k
Armel Bella-Kotchap,Southampton FC,21,"1,90",Germany,Defender - Centre-Back,right,24,-,2,1.885',€20.00m
Mohammed Salisu,Southampton FC,24,"1,88",Ghana,Defender - Centre-Back,left,22,-,1,1.973',€18.00m
Duje Caleta-Car,Southampton FC,26,"1,92",Croatia,Defender - Centre-Back,right,13,1,-,944',€14.00m
Jan Bednarek,Southampton FC,27,"1,89",Poland,Defender - Centre-Back,right,20,-,-,1.675',€14.00m
Jack Stephens,Southampton FC,29,"1,85",England,Defender - Centre-Back,right,15,-,-,1.171',€5.00m
Lyanco,Southampton FC,26,"1,87",Brazil,Defender - Centre-Back,right,21,1,1,1.172',€4.00m
Romain Perraud,Southampton FC,25,"1,73",France,Defender - Left-Back,left,29,2,2,1.837',€12.00m
Juan Larios,Southampton FC,19,"1,70",Spain,Defender - Left-Back,left,5,-,-,151',€7.00m
Kyle Walker-Peters,Southampton FC,26,"1,73",England,Defender - Right-Back,right,31,1,-,2.653',€25.00m
Tino Livramento,Southampton FC,20,"1,73",England,Defender - Right-Back,right,2,-,-,26',€25.00m
James Bree,Southampton FC,25,"1,78",England,Defender - Right-Back,right,5,-,-,368',€3.00m
Roméo Lavia,Southampton FC,19,"1,81",Belgium,midfield - Defensive Midfield,right,29,1,-,2.230',€25.00m
Ibrahima Diallo,Southampton FC,24,"1,79",France,midfield - Defensive Midfield,right,18,-,-,816',€8.00m
James Ward-Prowse,Southampton FC,28,"1,77",England,midfield - Central Midfield,right,38,9,4,3.372',€38.00m
Carlos Alcaraz,Southampton FC,20,"1,83",Argentina,midfield - Central Midfield,right,18,4,2,1.034',€12.00m
Stuart Armstrong,Southampton FC,31,"1,83",Scotland,midfield - Central Midfield,right,32,2,1,1.403',€6.00m
Will Smallbone,Southampton FC,23,"1,83",Ireland,midfield - Central Midfield,right,-,-,-,-,€3.50m
Joe Aribo,Southampton FC,26,"1,83",Nigeria,midfield - Attacking Midfield,left,21,2,-,1.227',€15.00m
Kamaldeen Sulemana,Southampton FC,21,"1,75",Ghana,Attack - Left Winger,right,18,2,1,966',€22.00m
Mohamed Elyounoussi,Southampton FC,28,"1,78",Norway,Attack - Left Winger,right,33,1,1,2.179',€12.00m
Moussa Djenepo,Southampton FC,24,"1,77",Mali,Attack - Left Winger,right,16,-,2,705',€10.00m
Mislav Orsic,Southampton FC,30,"1,79",Croatia,Attack - Left Winger,right,1,-,-,6',€7.00m
Samuel Edozie,Southampton FC,20,"1,81",England,Attack - Left Winger,right,17,-,-,559',€7.00m
Nathan Tella,Southampton FC,23,"1,73",England,Attack - Right Winger,right,-,-,-,-,€18.00m
Theo Walcott,Southampton FC,34,"1,75",England,Attack - Right Winger,both,20,2,2,1.133',€1.80m
Ché Adams,Southampton FC,26,"1,79",Scotland,Attack - Centre-Forward,right,28,5,3,1.997',€22.00m
Paul Onuachu,Southampton FC,29,"2,01",Nigeria,Attack - Centre-Forward,right,11,-,-,404',€17.00m
Adam Armstrong,Southampton FC,26,"1,73",England,Attack - Centre-Forward,right,30,2,1,1.333',€12.00m
Sékou Mara,Southampton FC,20,"1,83",France,Attack - Centre-Forward,right,22,1,2,541',€12.00m
Dan Nlundulu,Southampton FC,24,"1,85",England,Attack - Centre-Forward,right,-,-,-,-,€900k
Max Kilman,Wolverhampton Wanderers,26,"1,94",England,Defender - Centre-Back,left,37,-,-,3.308',€25.00m
Nathan Collins,Wolverhampton Wanderers,22,"1,93",Ireland,Defender - Centre-Back,right,26,-,-,1.808',€22.00m
Craig Dawson,Wolverhampton Wanderers,33,"1,88",England,Defender - Centre-Back,right,17,1,-,1.415',€2.50m
Toti,Wolverhampton Wanderers,24,"1,87",Portugal,Defender - Centre-Back,left,17,1,-,980',€2.50m
Rayan Aït-Nouri,Wolverhampton Wanderers,21,"1,80",Algeria,Defender - Left-Back,left,21,1,-,1.069',€22.00m
Jonny Otto,Wolverhampton Wanderers,29,"1,75",Spain,Defender - Left-Back,both,18,1,-,1.261',€17.00m
Hugo Bueno,Wolverhampton Wanderers,20,"1,80",Spain,Defender - Left-Back,left,21,-,1,1.313',€200k
Nélson Semedo,Wolverhampton Wanderers,29,"1,77",Portugal,Defender - Right-Back,right,36,-,1,2.635',€15.00m
Ki-Jana Hoever,Wolverhampton Wanderers,21,"1,83",Netherlands,Defender - Right-Back,right,-,-,-,-,€3.50m
Rúben Neves,Wolverhampton Wanderers,26,"1,80",Portugal,midfield - Defensive Midfield,right,35,6,1,3.021',€40.00m
Mario Lemina,Wolverhampton Wanderers,29,"1,84",Gabon,midfield - Defensive Midfield,right,19,-,1,1.303',€10.00m
Boubacar Traoré,Wolverhampton Wanderers,21,"1,83",Mali,midfield - Defensive Midfield,1-Sep-22,10,-,1,407',€5.00m
Joe Hodge,Wolverhampton Wanderers,20,"1,72",Ireland,midfield - Defensive Midfield,right,6,-,-,171',€500k
Matheus Nunes,Wolverhampton Wanderers,24,"1,83",Portugal,midfield - Central Midfield,right,34,1,1,2.478',€45.00m
João Gomes,Wolverhampton Wanderers,22,"1,76",Brazil,midfield - Central Midfield,right,11,1,-,651',€15.00m
Luke Cundle,Wolverhampton Wanderers,21,"1,71",England,midfield - Central Midfield,right,-,-,-,-,€3.00m
João Moutinho,Wolverhampton Wanderers,36,"1,70",Portugal,midfield - Central Midfield,right,31,-,2,1.781',€2.00m
Daniel Podence,Wolverhampton Wanderers,27,"1,65",Portugal,Attack - Left Winger,right,32,6,-,1.769',€20.00m
Chiquinho,Wolverhampton Wanderers,23,"1,79",Portugal,Attack - Left Winger,right,-,-,-,-,€2.50m
Pedro Neto,Wolverhampton Wanderers,23,"1,72",Portugal,Attack - Right Winger,left,18,-,-,969',€32.00m
Pablo Sarabia,Wolverhampton Wanderers,31,"1,74",Spain,Attack - Right Winger,left,13,1,-,767',€16.00m
Adama Traoré,Wolverhampton Wanderers,27,"1,78",Spain,Attack - Right Winger,right,34,2,2,1.479',€12.00m
Matheus Cunha,Wolverhampton Wanderers,24,"1,83",Brazil,Attack - Centre-Forward,right,17,2,-,971',€30.00m
Sasa Kalajdzic,Wolverhampton Wanderers,25,"2,00",Austria,Attack - Centre-Forward,right,1,-,-,45',€18.00m
Hee-chan Hwang,Wolverhampton Wanderers,27,"1,77","Korea, South",Attack - Centre-Forward,right,27,3,1,1.125',€12.00m
Raúl Jiménez,Wolverhampton Wanderers,32,"1,88",Mexico,Attack - Centre-Forward,right,15,-,1,841',€9.00m
Diego Costa,Wolverhampton Wanderers,34,"1,86",Spain,Attack - Centre-Forward,right,23,1,-,1.247',€3.50m
Robin Koch,Leeds United,26,"1,91",Germany,Defender - Centre-Back,right,36,-,-,3.177',€18.00m
Maximilian Wöber,Leeds United,25,"1,88",Austria,Defender - Centre-Back,left,16,-,-,1.265',€12.00m
Charlie Cresswell,Leeds United,20,"1,90",England,Defender - Centre-Back,right,-,-,-,-,€5.00m
Liam Cooper,Leeds United,31,"1,86",Scotland,Defender - Centre-Back,left,18,1,-,1.426',€5.00m
Leo Fuhr Hjelde,Leeds United,19,"1,90",Norway,Defender - Centre-Back,left,-,-,-,-,€1.50m
Pascal Struijk,Leeds United,23,"1,90",Netherlands,Defender - Left-Back,left,29,2,1,2.202',€20.00m
Junior Firpo,Leeds United,26,"1,84",Dominican Republic,Defender - Left-Back,left,19,1,1,1.367',€12.00m
Rasmus Kristensen,Leeds United,25,"1,87",Denmark,Defender - Right-Back,right,26,3,1,1.959',€15.00m
Cody Drameh,Leeds United,21,"1,75",England,Defender - Right-Back,right,1,-,-,70',€3.50m
Luke Ayling,Leeds United,31,"1,83",England,Defender - Right-Back,right,29,2,1,2.048',€2.00m
Stuart Dallas,Leeds United,32,"1,83",Northern Ireland,Defender - Right-Back,right,-,-,-,-,€2.00m
Tyler Adams,Leeds United,24,"1,75",United States,midfield - Defensive Midfield,right,24,-,-,2.157',€20.00m
Marc Roca,Leeds United,26,"1,84",Spain,midfield - Defensive Midfield,left,32,1,2,2.329',€15.00m
Weston McKennie,Leeds United,24,"1,85",United States,midfield - Central Midfield,right,19,-,1,1.441',€21.00m
Jamie Shackleton,Leeds United,23,"1,68",England,midfield - Central Midfield,right,-,-,-,-,€2.00m
Adam Forshaw,Leeds United,31,"1,75",England,midfield - Central Midfield,right,12,-,-,475',€1.80m
Brenden Aaronson,Leeds United,22,"1,77",United States,midfield - Attacking Midfield,right,36,1,3,2.383',€30.00m
Sam Greenwood,Leeds United,21,"1,80",England,midfield - Attacking Midfield,right,18,1,2,409',€4.00m
Jack Harrison,Leeds United,26,"1,75",England,Attack - Left Winger,left,36,5,7,2.727',€22.00m
Luis Sinisterra,Leeds United,23,"1,72",Colombia,Attack - Left Winger,right,19,5,-,875',€22.00m
Wilfried Gnonto,Leeds United,19,"1,70",Italy,Attack - Left Winger,right,24,2,4,1.350',€18.00m
Daniel James,Leeds United,25,"1,71",Wales,Attack - Right Winger,right,20,2,1,607',€13.00m
Crysencio Summerville,Leeds United,21,"1,74",Netherlands,Attack - Right Winger,right,28,4,2,1.415',€12.00m
Ian Poveda,Leeds United,23,"1,67",England,Attack - Right Winger,left,-,-,-,-,€900k
Georginio Rutter,Leeds United,21,"1,82",France,Attack - Centre-Forward,left,11,-,1,264',€22.00m
Patrick Bamford,Leeds United,29,"1,85",England,Attack - Centre-Forward,left,28,4,2,1.521',€10.00m
Rodrigo,Leeds United,32,"1,82",Spain,Attack - Centre-Forward,left,31,13,1,1.942',€9.00m
Joe Gelhardt,Leeds United,21,"1,79",England,Attack - Centre-Forward,left,15,-,2,201',€8.00m
Tyler Roberts,Leeds United,24,"1,80",Wales,Attack - Centre-Forward,right,-,-,-,-,€3.00m
James Tarkowski,Everton FC,30,"1,85",England,Defender - Centre-Back,right,38,1,1,3.420',€22.00m
Conor Coady,Everton FC,30,"1,85",England,Defender - Centre-Back,right,24,1,1,2.095',€18.00m
Ben Godfrey,Everton FC,25,"1,84",England,Defender - Centre-Back,right,13,-,1,803',€15.00m
Mason Holgate,Everton FC,26,"1,87",England,Defender - Centre-Back,right,8,-,-,508',€12.00m
Yerry Mina,Everton FC,28,"1,95",Colombia,Defender - Centre-Back,right,7,2,-,596',€12.00m
Michael Keane,Everton FC,30,"1,88",England,Defender - Centre-Back,right,12,1,2,983',€10.00m
Vitaliy Mykolenko,Everton FC,24,"1,80",Ukraine,Defender - Left-Back,left,34,-,-,2.653',€22.00m
Rúben Vinagre,Everton FC,24,"1,74",Portugal,Defender - Left-Back,left,2,-,-,24',€5.00m
Nathan Patterson,Everton FC,21,"1,89",Scotland,Defender - Right-Back,right,19,-,-,1.277',€14.00m
Seamus Coleman,Everton FC,34,"1,77",Ireland,Defender - Right-Back,right,23,1,-,1.663',€1.20m
Amadou Onana,Everton FC,21,"1,95",Belgium,midfield - Defensive Midfield,right,33,1,2,2.496',€42.00m
James Garner,Everton FC,22,"1,82",England,midfield - Defensive Midfield,right,16,-,1,795',€14.00m
Abdoulaye Doucouré,Everton FC,30,"1,83",Mali,midfield - Central Midfield,right,25,5,2,1.528',€12.00m
Tom Davies,Everton FC,24,"1,80",England,midfield - Central Midfield,right,19,-,-,526',€12.00m
Idrissa Gueye,Everton FC,33,"1,74",Senegal,midfield - Central Midfield,right,33,-,1,2.593',€8.00m
Alex Iwobi,Everton FC,27,"1,83",Nigeria,midfield - Attacking Midfield,right,38,2,8,3.382',€25.00m
Demarai Gray,Everton FC,26,"1,83",England,Attack - Left Winger,right,33,4,1,2.511',€20.00m
Dwight McNeil,Everton FC,23,"1,83",England,Attack - Left Winger,left,36,7,3,2.498',€18.00m
Andros Townsend,Everton FC,31,"1,81",England,Attack - Right Winger,left,-,-,-,-,€2.50m
Dominic Calvert-Lewin,Everton FC,26,"1,89",England,Attack - Centre-Forward,right,17,2,1,1.175',€25.00m
Neal Maupay,Everton FC,26,"1,73",France,Attack - Centre-Forward,right,27,1,-,1.113',€13.00m
Ellis Simms,Everton FC,22,"1,91",England,Attack - Centre-Forward,right,11,1,-,219',€4.00m
Adam Webster,Brighton & Hove Albion,28,"1,90",England,Defender - Centre-Back,right,27,-,-,1.985',€22.00m
Lewis Dunk,Brighton & Hove Albion,31,"1,92",England,Defender - Centre-Back,right,36,1,-,3.240',€18.00m
Jan Paul van Hecke,Brighton & Hove Albion,22,"1,89",Netherlands,Defender - Centre-Back,right,8,-,-,292',€4.00m
Haydon Roberts,Brighton & Hove Albion,21,"1,82",England,Defender - Centre-Back,left,-,-,-,-,€500k
Pervis Estupiñán,Brighton & Hove Albion,25,"1,75",Ecuador,Defender - Left-Back,left,35,1,6,2.683',€20.00m
Tariq Lamptey,Brighton & Hove Albion,22,"1,63",Ghana,Defender - Right-Back,right,20,-,-,438',€15.00m
Joël Veltman,Brighton & Hove Albion,31,"1,84",Netherlands,Defender - Right-Back,right,31,1,1,2.192',€10.00m
Moisés Caicedo,Brighton & Hove Albion,21,"1,78",Ecuador,midfield - Defensive Midfield,right,37,1,1,3.140',€55.00m
Alexis Mac Allister,Brighton & Hove Albion,24,"1,74",Argentina,midfield - Central Midfield,right,35,10,2,2.886',€42.00m
Jakub Moder,Brighton & Hove Albion,24,"1,91",Poland,midfield - Central Midfield,right,-,-,-,-,€12.00m
Billy Gilmour,Brighton & Hove Albion,21,"1,70",Scotland,midfield - Central Midfield,right,14,-,1,505',€9.00m
Pascal Groß,Brighton & Hove Albion,31,"1,81",Germany,midfield - Central Midfield,right,37,9,8,3.246',€8.00m
Yasin Ayari,Brighton & Hove Albion,19,"1,72",Sweden,midfield - Central Midfield,right,3,-,-,65',€4.00m
Taylor Richards,Brighton & Hove Albion,22,"1,80",England,midfield - Central Midfield,left,-,-,-,-,€400k
Facundo Buonanotte,Brighton & Hove Albion,18,"1,74",Argentina,midfield - Attacking Midfield,left,13,1,1,561',€9.00m
Jeremy Sarmiento,Brighton & Hove Albion,20,"1,78",Ecuador,midfield - Attacking Midfield,right,9,-,1,169',€5.00m
Adam Lallana,Brighton & Hove Albion,35,"1,72",England,midfield - Attacking Midfield,both,16,2,1,728',€1.50m
Kaoru Mitoma,Brighton & Hove Albion,26,"1,78",Japan,Attack - Left Winger,right,33,7,6,2.316',€22.00m
Solly March,Brighton & Hove Albion,28,"1,80",England,Attack - Right Winger,left,33,7,7,2.727',€18.00m
Julio Enciso,Brighton & Hove Albion,19,"1,73",Paraguay,Attack - Centre-Forward,right,20,4,2,799',€11.00m
Evan Ferguson,Brighton & Hove Albion,18,"1,83",Ireland,Attack - Centre-Forward,right,19,6,2,949',€10.00m
Danny Welbeck,Brighton & Hove Albion,32,"1,85",England,Attack - Centre-Forward,right,31,6,4,1.856',€8.00m
Deniz Undav,Brighton & Hove Albion,26,"1,78",Germany,Attack - Centre-Forward,right,22,5,-,617',€6.00m
Aaron Connolly,Brighton & Hove Albion,23,"1,74",Ireland,Attack - Centre-Forward,right,-,-,-,-,€4.00m
Kristoffer Ajer,Brentford FC,25,"1,98",Norway,Defender - Centre-Back,right,9,-,-,766',€16.00m
Ethan Pinnock,Brentford FC,30,"1,94",Jamaica,Defender - Centre-Back,left,30,3,-,2.700',€12.00m
Pontus Jansson,Brentford FC,32,"1,96",Sweden,Defender - Centre-Back,right,12,1,-,722',€5.00m
Ben Mee,Brentford FC,33,"1,80",England,Defender - Centre-Back,left,37,3,2,3.272',€1.80m
Zanka,Brentford FC,33,"1,89",Denmark,Defender - Centre-Back,right,18,-,-,1.099',€1.50m
Charlie Goode,Brentford FC,27,"1,96",England,Defender - Centre-Back,right,-,-,-,-,€600k
Rico Henry,Brentford FC,25,"1,70",England,Defender - Left-Back,left,37,-,2,3.246',€22.00m
Aaron Hickey,Brentford FC,20,"1,85",Scotland,Defender - Left-Back,both,26,-,1,1.930',€18.00m
Mads Roerslev,Brentford FC,23,"1,84",Denmark,Defender - Right-Back,right,20,-,-,1.101',€2.20m
Fin Stevens,Brentford FC,20,"1,79",Wales,Defender - Right-Back,right,-,-,-,-,€400k
Vitaly Janelt,Brentford FC,25,"1,84",Germany,midfield - Defensive Midfield,left,35,3,1,2.209',€16.00m
Christian Nörgaard,Brentford FC,29,"1,87",Denmark,midfield - Defensive Midfield,right,22,1,4,1.770',€14.00m
Mathias Jensen,Brentford FC,27,"1,80",Denmark,midfield - Central Midfield,right,37,5,6,2.831',€14.00m
Josh Dasilva,Brentford FC,24,"1,84",England,midfield - Central Midfield,left,36,4,2,1.380',€9.00m
Frank Onyeka,Brentford FC,25,"1,83",Nigeria,midfield - Central Midfield,right,21,-,2,841',€9.00m
Shandon Baptiste,Brentford FC,25,"1,80",Grenada,midfield - Central Midfield,right,23,-,1,603',€3.00m
Saman Ghoddos,Brentford FC,29,"1,75",Iran,midfield - Attacking Midfield,right,15,-,-,123',€2.20m
Yoane Wissa,Brentford FC,26,"1,76",DR Congo,Attack - Left Winger,right,38,7,3,1.600',€15.00m
Keane Lewis-Potter,Brentford FC,22,"1,70",England,Attack - Left Winger,right,10,-,1,316',€15.00m
Mikkel Damsgaard,Brentford FC,22,"1,80",Denmark,Attack - Left Winger,right,26,-,-,978',€15.00m
Tariqe Fosu,Brentford FC,27,"1,80",Ghana,Attack - Left Winger,right,-,-,-,-,€1.80m
Bryan Mbeumo,Brentford FC,23,"1,71",Cameroon,Attack - Right Winger,left,38,9,8,2.928',€28.00m
Kevin Schade,Brentford FC,21,"1,85",Germany,Attack - Right Winger,right,18,-,1,728',€20.00m
Ivan Toney,Brentford FC,27,"1,85",England,Attack - Centre-Forward,right,33,20,4,2.955',€50.00m
Halil Dervisoglu,Brentford FC,23,"1,83",Turkey,Attack - Centre-Forward,right,1,-,-,7',€2.00m
Moussa Niakhaté,Nottingham Forest,27,"1,90",Senegal,Defender - Centre-Back,left,14,-,-,1.166',€18.00m
Scott McKenna,Nottingham Forest,26,"1,89",Scotland,Defender - Centre-Back,left,20,-,-,1.573',€10.00m
Joe Worrall,Nottingham Forest,26,"1,90",England,Defender - Centre-Back,right,30,1,-,2.216',€8.00m
Willy Boly,Nottingham Forest,32,"1,95",Cote d'Ivoire,Defender - Centre-Back,right,11,-,1,687',€4.00m
Jonathan Panzo,Nottingham Forest,22,"1,88",England,Defender - Centre-Back,left,-,-,-,-,€3.00m
Steve Cook,Nottingham Forest,32,"1,85",England,Defender - Centre-Back,right,12,-,-,959',€3.00m
Felipe,Nottingham Forest,34,"1,90",Brazil,Defender - Centre-Back,right,16,-,1,1.419',€3.00m
Renan Lodi,Nottingham Forest,25,"1,73",Brazil,Defender - Left-Back,left,28,-,1,2.220',€20.00m
Omar Richards,Nottingham Forest,25,"1,74",England,Defender - Left-Back,left,-,-,-,-,€7.00m
Harry Toffolo,Nottingham Forest,27,"1,83",England,Defender - Left-Back,left,19,-,-,933',€3.50m
Neco Williams,Nottingham Forest,22,"1,83",Wales,Defender - Right-Back,right,31,1,-,1.876',€18.00m
Giulian Biancone,Nottingham Forest,23,"1,87",France,Defender - Right-Back,right,2,-,-,16',€7.00m
Serge Aurier,Nottingham Forest,30,"1,76",Cote d'Ivoire,Defender - Right-Back,right,24,1,-,1.947',€6.00m
Danilo,Nottingham Forest,22,"1,77",Brazil,midfield - Defensive Midfield,left,13,3,2,981',€25.00m
Cheikhou Kouyaté,Nottingham Forest,33,"1,89",Senegal,midfield - Defensive Midfield,right,21,1,-,878',€3.00m
Jack Colback,Nottingham Forest,33,"1,77",England,midfield - Defensive Midfield,left,11,-,-,492',€800k
Orel Mangala,Nottingham Forest,25,"1,78",Belgium,midfield - Central Midfield,right,27,1,1,1.555',€12.00m
Remo Freuler,Nottingham Forest,31,"1,80",Switzerland,midfield - Central Midfield,right,28,-,-,2.164',€10.00m
Ryan Yates,Nottingham Forest,25,"1,90",England,midfield - Central Midfield,right,26,-,2,1.838',€8.00m
Jonjo Shelvey,Nottingham Forest,31,"1,84",England,midfield - Central Midfield,right,8,-,-,542',€7.00m
Harry Arter,Nottingham Forest,33,"1,77",Ireland,midfield - Central Midfield,left,-,-,-,-,€600k
Cafú,Nottingham Forest,30,"1,85",Portugal,midfield - Central Midfield,right,1,-,-,6',€600k
Morgan Gibbs-White,Nottingham Forest,23,"1,78",England,midfield - Attacking Midfield,right,35,5,8,2.979',€30.00m
Brennan Johnson,Nottingham Forest,22,"1,79",Wales,midfield - Attacking Midfield,right,38,8,3,2.941',€30.00m
Jesse Lingard,Nottingham Forest,30,"1,74",England,midfield - Attacking Midfield,right,17,-,-,927',€12.00m
Gustavo Scarpa,Nottingham Forest,29,"1,77",Brazil,midfield - Attacking Midfield,left,6,-,-,178',€12.00m
André Ayew,Nottingham Forest,33,"1,75",Ghana,Attack - Left Winger,left,13,-,-,305',€2.20m
Alex Mighten,Nottingham Forest,21,"1,71",England,Attack - Left Winger,right,1,-,-,7',€600k
Josh Bowler,Nottingham Forest,24,"1,84",England,Attack - Right Winger,left,-,-,-,-,€1.80m
Taiwo Awoniyi,Nottingham Forest,25,"1,83",Nigeria,Attack - Centre-Forward,right,27,10,1,1.411',€20.00m
Emmanuel Dennis,Nottingham Forest,25,"1,75",Nigeria,Attack - Centre-Forward,right,19,2,2,715',€10.00m
Chris Wood,Nottingham Forest,31,"1,91",New Zealand,Attack - Centre-Forward,right,7,1,-,376',€10.00m
Sam Surridge,Nottingham Forest,24,"1,90",England,Attack - Centre-Forward,right,20,1,-,305',€3.50m
Lyle Taylor,Nottingham Forest,33,"1,88",Montserrat,Attack - Centre-Forward,right,-,-,-,-,€350k
Marc Guéhi,Crystal Palace,22,"1,82",England,Defender - Centre-Back,right,37,1,-,3.330',€35.00m
Joachim Andersen,Crystal Palace,27,"1,92",Denmark,Defender - Centre-Back,right,32,1,-,2.783',€32.00m
Chris Richards,Crystal Palace,23,"1,88",United States,Defender - Centre-Back,right,9,-,-,442',€10.00m
Nathan Ferguson,Crystal Palace,22,"1,84",England,Defender - Centre-Back,right,-,-,-,-,€2.00m
James Tomkins,Crystal Palace,34,"1,92",England,Defender - Centre-Back,right,6,1,-,335',€1.00m
Tyrick Mitchell,Crystal Palace,23,"1,75",England,Defender - Left-Back,left,36,-,2,2.896',€28.00m
Nathaniel Clyne,Crystal Palace,32,"1,75",England,Defender - Right-Back,right,22,-,-,1.643',€3.00m
Joel Ward,Crystal Palace,33,"1,86",England,Defender - Right-Back,right,28,1,-,2.254',€2.00m
Cheick Doucouré,Crystal Palace,23,"1,80",Mali,midfield - Defensive Midfield,right,34,-,3,2.786',€30.00m
Jairo Riedewald,Crystal Palace,26,"1,82",Netherlands,midfield - Defensive Midfield,left,6,-,-,57',€4.00m
Luka Milivojevic,Crystal Palace,32,"1,86",Serbia,midfield - Defensive Midfield,right,18,-,-,503',€2.50m
Naouirou Ahamada,Crystal Palace,21,"1,83",France,midfield - Central Midfield,right,8,-,-,85',€10.00m
Will Hughes,Crystal Palace,28,"1,85",England,midfield - Central Midfield,left,27,1,1,828',€5.00m
James McArthur,Crystal Palace,35,"1,78",Scotland,midfield - Central Midfield,both,4,-,-,50',€700k
Jeffrey Schlupp,Crystal Palace,30,"1,78",Ghana,midfield - Left Midfield,left,34,3,1,2.547',€8.00m
Eberechi Eze,Crystal Palace,24,"1,78",England,midfield - Attacking Midfield,right,38,10,4,2.644',€30.00m
Wilfried Zaha,Crystal Palace,30,"1,80",Cote d'Ivoire,Attack - Left Winger,right,27,7,2,2.294',€27.00m
Michael Olise,Crystal Palace,21,"1,84",France,Attack - Right Winger,left,37,2,11,2.756',€27.00m
Malcolm Ebiowei,Crystal Palace,19,"1,85",England,Attack - Right Winger,left,3,-,-,31',€3.00m
Odsonne Edouard,Crystal Palace,25,"1,87",France,Attack - Centre-Forward,right,35,5,2,1.806',€17.00m
Jean-Philippe Mateta,Crystal Palace,25,"1,92",France,Attack - Centre-Forward,right,29,2,-,753',€9.00m
Jordan Ayew,Crystal Palace,31,"1,82",Ghana,Attack - Centre-Forward,right,38,4,3,2.722',€6.00m
Luke Plange,Crystal Palace,20,"1,78",England,Attack - Centre-Forward,left,-,-,-,-,€1.20m
Issa Diop,Fulham FC,26,"1,94",France,Defender - Centre-Back,right,25,1,-,2.009',€18.00m
Tosin Adarabioyo,Fulham FC,25,"1,96",England,Defender - Centre-Back,right,25,1,-,2.083',€15.00m
Shane Duffy,Fulham FC,31,"1,93",Ireland,Defender - Centre-Back,right,5,-,-,15',€2.50m
Tim Ream,Fulham FC,35,"1,86",United States,Defender - Centre-Back,left,33,1,-,2.900',€1.00m
Antonee Robinson,Fulham FC,25,"1,83",United States,Defender - Left-Back,left,35,-,1,3.089',€12.00m
Layvin Kurzawa,Fulham FC,30,"1,82",France,Defender - Left-Back,left,3,-,-,135',€4.00m
Kenny Tete,Fulham FC,27,"1,80",Netherlands,Defender - Right-Back,right,31,1,5,2.575',€12.00m
Cédric Soares,Fulham FC,31,"1,71",Portugal,Defender - Right-Back,right,6,-,-,195',€4.00m
Steven Sessegnon,Fulham FC,23,"1,75",England,Defender - Right-Back,right,-,-,-,-,€500k
João Palhinha,Fulham FC,27,"1,90",Portugal,midfield - Defensive Midfield,right,35,3,-,3.113',€35.00m
Harrison Reed,Fulham FC,28,"1,81",England,midfield - Central Midfield,right,37,3,4,2.879',€15.00m
Sasa Lukic,Fulham FC,26,"1,83",Serbia,midfield - Central Midfield,right,12,-,-,407',€13.00m
Tom Cairney,Fulham FC,32,"1,85",Scotland,midfield - Central Midfield,left,33,2,-,967',€2.00m
Tyrese Francois,Fulham FC,22,"1,73",Australia,midfield - Central Midfield,left,1,-,-,-,€500k
Andreas Pereira,Fulham FC,27,"1,78",Brazil,midfield - Attacking Midfield,right,33,4,6,2.718',€16.00m
Bobby De Cordova-Reid,Fulham FC,30,"1,70",Jamaica,midfield - Attacking Midfield,right,36,4,1,2.485',€7.00m
Manor Solomon,Fulham FC,23,"1,70",Israel,Attack - Left Winger,right,19,4,-,561',€18.00m
Neeskens Kebano,Fulham FC,31,"1,70",DR Congo,Attack - Left Winger,right,17,-,3,764',€3.00m
Willian,Fulham FC,34,"1,75",Brazil,Attack - Left Winger,right,27,5,6,2.143',€3.00m
Harry Wilson,Fulham FC,26,"1,73",Wales,Attack - Right Winger,left,29,2,5,1.096',€13.00m
Anthony Knockaert,Fulham FC,31,"1,72",France,Attack - Right Winger,left,-,-,-,-,€900k
Aleksandar Mitrović,Fulham FC,28,"1,89",Serbia,Attack - Centre-Forward,right,24,14,2,2.016',€28.00m
Rodrigo Muniz,Fulham FC,22,"1,85",Brazil,Attack - Centre-Forward,right,-,-,-,-,€5.00m
Carlos Vinícius,Fulham FC,28,"1,90",Brazil,Attack - Centre-Forward,left,28,5,2,1.096',€5.00m
